date,time,ticker,symbol,type,size,premium,volume,next_earnings_date,issue_type,sector,avg30_volume,ext_hour_sold_codes,marketcap,nbbo_ask_quantity,nbbo_bid_quantity,price,sale_cond_codes,trade_code,trade_settlement
11/3/2025,1:25:42 PM,UBER,UBER,off_lit,1500,149655.15,26956845,11/4/2025,Common Stock,Technology,13868367.55,extended_hours_trade,2.01243E+11,200,100,99.7701,,,regular
11/3/2025,1:25:42 PM,SHV,SHV,off_lit,2000,220280,4014988,,ETF,,2295510.545,extended_hours_trade,20668820580,56376,170,110.14,,,regular
11/3/2025,1:25:40 PM,IREN,IREN,off_lit,2100,143864.91,79836011,11/6/2025,Common Stock,Financial Services,42601834.32,extended_hours_trade,16522815011,85,65,68.5071,,,regular
11/3/2025,1:25:38 PM,META,,,277,176726,32175219,,Common Stock,Communication Services,17789491.09,extended_hours_trade,,8,14,638,,,regular
11/3/2025,1:25:38 PM,META,,,277,176725.9723,32174942,,Common Stock,Communication Services,17789491.09,extended_hours_trade,,8,14,637.9999,,,regular
11/3/2025,1:25:36 PM,AMD,,,400,104020,35927786,,Common Stock,Technology,78174196.86,extended_hours_trade,,20,49,260.05,,,regular
11/3/2025,1:25:34 PM,VTI,,,335,112493,3340732,,ETF,,4775725.909,extended_hours_trade,,25,2,335.8,prior_reference_price,,regular
11/3/2025,1:25:32 PM,HIMS,,,3600,165744,35211953,,Common Stock,Consumer Defensive,28448652.41,extended_hours_trade,,100,100,46.04,,,regular
11/3/2025,1:25:32 PM,TSLA,,,1650,771160.5,83983074,,Common Stock,Consumer Cyclical,87907844.5,extended_hours_trade,,2,10,467.37,,,regular
11/3/2025,1:25:30 PM,PLTR,,,500,104005.6,69709753,,Common Stock,Technology,47381456.91,extended_hours_trade,,10,158,208.0112,,,regular
11/3/2025,1:25:29 PM,CLX,,,900,101270.07,3388200,,Common Stock,Consumer Defensive,1574062.773,extended_hours_trade,,114,100,112.5223,,,regular
11/3/2025,1:25:29 PM,CLX,,,900,101250,3387300,,Common Stock,Consumer Defensive,1574062.773,extended_hours_trade,,114,100,112.5,,,regular
11/3/2025,1:25:28 PM,PLTR,,,600,124806,69708867,,Common Stock,Technology,47381456.91,extended_hours_trade,,10,150,208.01,,,regular
11/3/2025,1:25:28 PM,PLTR,,,800,166661.84,69708162,,Common Stock,Technology,47381456.91,extended_hours_trade,,10,400,208.3273,,,regular
11/3/2025,1:25:28 PM,META,,,300,191389.23,32173575,,Common Stock,Communication Services,17789491.09,extended_hours_trade,,581,78,637.9641,,,regular
11/3/2025,1:25:26 PM,TSLA,,,486,227132.1,83980627,,Common Stock,Consumer Cyclical,87907844.5,extended_hours_trade,,12,30,467.35,,,regular
11/3/2025,1:25:26 PM,PLTR,,,1296,269568,69706924,,Common Stock,Technology,47381456.91,extended_hours_trade,,6,400,208,,,regular
11/3/2025,1:25:21 PM,SRPT,,,10000,189500,9696109,,Common Stock,Healthcare,5221693.5,extended_hours_trade,,18,300,18.95,,,regular
11/3/2025,1:25:21 PM,RGTI,,,5000,195950,58939457,,Common Stock,Technology,121002967.1,extended_hours_trade,,27,1530,39.19,,,regular
11/3/2025,1:25:21 PM,NKE,,,1269844,79555726.6,22011752,,Common Stock,Consumer Cyclical,13382737.73,extended_hours_trade,,18,5,62.65,average_price_trade,,regular
11/3/2025,1:25:19 PM,MP,,,8100,462104.19,13930680,,Common Stock,Basic Materials,20307527.82,extended_hours_trade,,1735,100,57.0499,,,regular
11/3/2025,1:25:19 PM,MP,,,8100,462105,13922580,,Common Stock,Basic Materials,20307527.82,extended_hours_trade,,1735,100,57.05,,,regular
11/3/2025,1:25:17 PM,PLTR,,,1000,208120,69681987,,Common Stock,Technology,47381456.91,extended_hours_trade,,10,18,208.12,,,regular
11/3/2025,1:25:15 PM,PLTR,,,500,104060,69680283,,Common Stock,Technology,47381456.91,extended_hours_trade,,10,55,208.12,,,regular
11/3/2025,1:25:13 PM,AMD,,,400,104048.56,35926975,,Common Stock,Technology,78174196.86,extended_hours_trade,,2,250,260.1214,,,regular
11/3/2025,1:25:12 PM,PLTR,,,500,104000,69679099,,Common Stock,Technology,47381456.91,extended_hours_trade,,5,55,208,,,regular
11/3/2025,1:25:11 PM,SPY,,,400,273252.08,55767285,,ETF,,77680664.09,extended_hours_trade,,540,80,683.1302,,,regular
11/3/2025,1:25:09 PM,MMU,,,14692,150886.84,152444,,Common Stock,Financial Services,136364.5909,extended_hours_trade,,135,100,10.27,,,regular
11/3/2025,1:25:08 PM,AMD,,,481,125136.96,35926508,,Common Stock,Technology,78174196.86,extended_hours_trade,,1,796,260.16,,,regular
11/3/2025,1:25:08 PM,PLTR,,,1800,375174,69671229,,Common Stock,Technology,47381456.91,extended_hours_trade,,50,20,208.43,,,regular
11/3/2025,1:25:06 PM,CLX,,,1000,112516.2,3386225,,Common Stock,Consumer Defensive,1574062.773,extended_hours_trade,,114,100,112.5162,,,regular
11/3/2025,1:25:06 PM,CLX,,,899,101137.5,3385225,,Common Stock,Consumer Defensive,1574062.773,extended_hours_trade,,114,100,112.5,,,regular
11/3/2025,1:25:06 PM,QQQ,,,200,126418,36607014,,ETF,,58091317.82,extended_hours_trade,,1380,260,632.09,,,regular
11/3/2025,1:25:05 PM,NFLX,,,371,407914.5,5731328,,Common Stock,Communication Services,4454146.045,extended_hours_trade,,16,3,1099.5,,,regular
11/3/2025,1:25:03 PM,PLTR,,,1305,271440,69660109,,Common Stock,Technology,47381456.91,extended_hours_trade,,40,10,208,,,regular
11/3/2025,1:25:02 PM,TSLA,,,760,355125.2,83979358,,Common Stock,Consumer Cyclical,87907844.5,extended_hours_trade,,1,20,467.27,,,regular
11/3/2025,1:25:02 PM,TSLA,,,240,112144.8,83978598,,Common Stock,Consumer Cyclical,87907844.5,extended_hours_trade,,1,20,467.27,,,regular
11/3/2025,1:25:02 PM,IAC,,,4000,114000,1572074,,Common Stock,Communication Services,998975.5909,extended_hours_trade,,40,100,28.5,,,regular
11/3/2025,1:25:02 PM,COIN,,,359,118211.52,9213848,,Common Stock,Technology,9812832.5,extended_hours_trade,,27,21,329.28,,,regular
11/3/2025,1:24:59 PM,GT,,,30399,212485.9701,10965699,,Common Stock,Consumer Cyclical,8380031,extended_hours_trade,,235,6,6.9899,,,regular
11/3/2025,1:24:59 PM,GT,,,30399,212489.01,10935300,,Common Stock,Consumer Cyclical,8380031,extended_hours_trade,,235,6,6.99,,,regular
11/3/2025,1:24:57 PM,AMD,,,400,104039.32,35925502,,Common Stock,Technology,78174196.86,extended_hours_trade,,1,150,260.0983,,,regular
11/3/2025,1:24:57 PM,AMD,,,500,130025.65,35925102,,Common Stock,Technology,78174196.86,extended_hours_trade,,1,150,260.0513,,,regular
11/3/2025,1:24:57 PM,PLTR,,,1500,311385.15,69655445,,Common Stock,Technology,47381456.91,extended_hours_trade,,100,10,207.5901,,,regular
11/3/2025,1:24:57 PM,SPY,,,200,136624,55765501,,ETF,,77680664.09,extended_hours_trade,,540,540,683.12,,,regular
11/3/2025,1:24:54 PM,HIMZ,,,14968,197128.56,8257054,,,,6224148.136,extended_hours_trade,,10,300,13.17,,,regular
11/3/2025,1:24:54 PM,LNT,,,13800,917286,2968049,,Common Stock,Utilities,2095549.318,extended_hours_trade,,15,16,66.47,average_price_trade,,regular
11/3/2025,1:24:54 PM,MSFT,,,200,103320,22292615,,Common Stock,Technology,20264306,extended_hours_trade,,2,1,516.6,,,regular
11/3/2025,1:24:53 PM,PLTR,,,500,103895.2,69639725,,Common Stock,Technology,47381456.91,extended_hours_trade,,110,29,207.7904,,,regular
11/3/2025,1:24:53 PM,PLTR,,,600,124674,69638463,,Common Stock,Technology,47381456.91,extended_hours_trade,,100,50,207.79,,,regular
