Short Puts - OptionsPlay,,,,,,,,,,,,,,
Symbol,Action,Expiry,Days To Expiry,Strike Price,Mid Price,Bid Price,Ask Price,Implied Volatility Rank,Earnings Date,Earnings Flag,Stock Price,Raw Return,Annualized Return,Distance To Strike
SOUN,Sell to Open,11/28/2025,28,17.00  $,1.94  $,1.88  $,1.99  $,44%,11/06/2025,Y,17.62  $,11%,154%,-4%
IONQ,Sell to Open,11/28/2025,28,61.00  $,6.62  $,6.30  $,6.95  $,47%,11/05/2025,Y,62.38  $,11%,149%,-2%
CRWV,Sell to Open,11/28/2025,28,130.00  $,12.30  $,12.00  $,12.60  $,28%,11/10/2025,Y,133.71  $,9.2%,129%,-3%
TTD,Sell to Open,11/28/2025,28,49.00  $,4.47  $,4.30  $,4.65  $,88%,11/06/2025,Y,50.28  $,8.9%,125%,-3%
CORZ,Sell to Open,11/28/2025,28,21.00  $,1.64  $,1.58  $,1.70  $,32%,02/18/2026,N,21.54  $,8%,107%,-3%
APP,Sell to Open,11/28/2025,28,620.00  $,48.25  $,46.30  $,50.20  $,38%,11/05/2025,Y,637.33  $,8%,106%,-3%
AFRM,Sell to Open,11/28/2025,28,70.00  $,5.25  $,4.10  $,6.40  $,46%,11/06/2025,Y,71.88  $,7.3%,103%,-3%
SMCI,Sell to Open,11/28/2025,28,50.00  $,3.65  $,3.55  $,3.75  $,19%,11/04/2025,Y,51.96  $,7%,99%,-4%
HOOD,Sell to Open,11/28/2025,28,143.00  $,9.70  $,9.40  $,10.00  $,28%,11/05/2025,Y,146.78  $,7%,93%,-3%
XYZ,Sell to Open,11/28/2025,28,74.00  $,4.58  $,4.45  $,4.70  $,58%,11/06/2025,Y,75.94  $,6%,85%,-3%
AMD,Sell to Open,11/28/2025,28,250.00  $,15.23  $,15.05  $,15.40  $,58%,11/04/2025,Y,256.12  $,6%,83%,-2%
MU,Sell to Open,11/28/2025,28,220.00  $,13.18  $,12.80  $,13.55  $,49%,12/17/2025,N,223.77  $,6%,83%,-2%
PLTR,Sell to Open,11/28/2025,28,195.00  $,11.77  $,11.60  $,11.95  $,38%,11/03/2025,Y,200.47  $,6%,82%,-3%
VST,Sell to Open,11/28/2025,28,185.00  $,11.02  $,10.65  $,11.40  $,32%,11/06/2025,Y,188.30  $,6%,82.2%,-2%
WDC,Sell to Open,11/28/2025,28,146.00  $,8.70  $,7.60  $,9.80  $,75%,,N,150.21  $,6%,81%,-2.8%
ARM,Sell to Open,11/28/2025,28,165.00  $,9.75  $,9.20  $,10.30  $,55%,,N,169.82  $,6%,80.6%,-3%
MRVL,Sell to Open,11/28/2025,28,91.00  $,5.38  $,3.80  $,6.95  $,37%,12/04/2025,N,93.74  $,6%,80.5%,-3%
SQQQ,Sell to Open,11/28/2025,28,13.00  $,0.75  $,0.71  $,0.79  $,15%,,N,13.16  $,5.7%,80%,-1%
ANET,Sell to Open,11/28/2025,28,152.50  $,8.85  $,8.50  $,9.20  $,68%,11/04/2025,Y,157.69  $,6%,79%,-3%
CVNA,Sell to Open,11/28/2025,28,300.00  $,17.10  $,16.30  $,17.90  $,25%,02/25/2026,N,306.54  $,6%,78%,-2%
SOFI,Sell to Open,11/28/2025,28,29.00  $,1.65  $,1.61  $,1.69  $,25%,01/26/2026,N,29.68  $,6%,78%,-2%
COIN,Sell to Open,11/28/2025,28,335.00  $,17.88  $,17.10  $,18.65  $,35%,,N,343.78  $,5.2%,73%,-3%
PAAS,Sell to Open,11/28/2025,28,34.00  $,1.83  $,1.45  $,2.20  $,52%,11/12/2025,Y,35.21  $,5%,73%,-3%
DELL,Sell to Open,11/28/2025,28,157.50  $,8.07  $,7.65  $,8.50  $,47%,11/25/2025,Y,162.01  $,5%,70%,-3%
SE,Sell to Open,11/28/2025,28,150.00  $,7.72  $,7.40  $,8.05  $,67%,,N,156.25  $,5%,69%,-4%
MSTR,Sell to Open,11/28/2025,28,260.00  $,13.18  $,12.80  $,13.55  $,15%,,N,269.51  $,5%,69%,-4%
BIDU,Sell to Open,11/28/2025,28,118.00  $,5.90  $,4.55  $,7.25  $,75%,,N,120.87  $,5%,69%,-2%
DOW,Sell to Open,11/28/2025,28,23.50  $,1.14  $,1.11  $,1.18  $,49%,01/29/2026,N,23.85  $,4.8%,67.4%,-1%
INTC,Sell to Open,11/28/2025,28,39.00  $,1.90  $,1.83  $,1.96  $,34%,01/29/2026,N,39.99  $,5%,67%,-2%
CNC,Sell to Open,11/28/2025,28,35.00  $,1.68  $,1.60  $,1.75  $,34%,02/03/2026,N,35.37  $,5%,66%,-1%
CEG,Sell to Open,11/28/2025,28,365.00  $,17.85  $,16.30  $,19.40  $,39%,11/07/2025,Y,377.00  $,5%,66%,-3%
NVO,Sell to Open,11/28/2025,28,48.00  $,2.30  $,2.25  $,2.35  $,76%,,N,49.46  $,5%,65%,-3%
TGT,Sell to Open,11/28/2025,28,90.00  $,4.25  $,4.15  $,4.35  $,70%,11/19/2025,Y,92.72  $,5%,64%,-3%
SPOT,Sell to Open,11/28/2025,28,640.00  $,29.92  $,27.50  $,32.35  $,49%,11/04/2025,Y,655.32  $,5%,64%,-2%
TSLA,Sell to Open,11/28/2025,28,445.00  $,20.80  $,20.70  $,20.90  $,17%,01/28/2026,N,456.56  $,5%,64%,-3%
AMAT,Sell to Open,11/28/2025,28,230.00  $,10.60  $,10.30  $,10.90  $,56%,11/13/2025,Y,233.10  $,5%,64%,-1%
NVDA,Sell to Open,11/28/2025,28,200.00  $,9.02  $,8.90  $,9.15  $,35%,11/19/2025,Y,202.49  $,4%,63%,-1%
B,Sell to Open,11/28/2025,28,32.00  $,1.42  $,1.37  $,1.47  $,90%,11/10/2025,Y,32.80  $,4%,61%,-2%
ETSY,Sell to Open,11/28/2025,28,61.00  $,2.60  $,2.52  $,2.69  $,26%,02/18/2026,N,62.00  $,4.2%,59%,-2%
WPM,Sell to Open,11/28/2025,28,95.00  $,4.05  $,3.40  $,4.70  $,76%,11/06/2025,Y,96.52  $,4.2%,59%,-2%
ETSY,Sell to Open,11/28/2025,28,61.00  $,2.60  $,2.52  $,2.69  $,26%,02/18/2026,N,62.00  $,4.2%,59%,-2%
ABNB,Sell to Open,11/28/2025,28,124.00  $,5.20  $,5.00  $,5.40  $,54%,11/06/2025,Y,126.54  $,4%,58%,-2%
KGC,Sell to Open,11/28/2025,28,22.50  $,0.94  $,0.73  $,1.15  $,76%,11/04/2025,Y,23.24  $,4%,57%,-3%
ZM,Sell to Open,11/28/2025,28,85.00  $,3.47  $,2.65  $,4.30  $,45%,11/24/2025,Y,87.23  $,4%,56%,-3%
CF,Sell to Open,11/28/2025,28,82.00  $,3.30  $,3.00  $,3.60  $,44%,11/05/2025,Y,83.29  $,4%,56%,-2%
BABA,Sell to Open,11/28/2025,28,165.00  $,6.70  $,6.50  $,6.90  $,53%,,N,170.43  $,4%,55%,-3%
JD,Sell to Open,11/28/2025,28,32.00  $,1.30  $,1.26  $,1.34  $,49%,,N,33.04  $,4%,55%,-3%
FICO,Sell to Open,11/21/2025,21,"1,620.00  $",64.85  $,60.00  $,69.70  $,54%,11/05/2025,Y,"1,659.53  $",4%,75%,-2%
FCX,Sell to Open,11/28/2025,28,41.00  $,1.62  $,1.56  $,1.67  $,24%,01/22/2026,N,41.70  $,4%,54%,-2%
LRCX,Sell to Open,11/28/2025,28,152.50  $,6.05  $,5.85  $,6.25  $,38%,01/28/2026,N,157.46  $,4%,54%,-3%
KKR,Sell to Open,11/28/2025,28,116.00  $,4.50  $,4.20  $,4.80  $,25%,11/07/2025,Y,118.33  $,3.8%,53%,-2%
GDXJ,Sell to Open,11/28/2025,28,92.00  $,3.48  $,2.80  $,4.15  $,58%,,N,93.67  $,4%,52%,-2%
CRWD,Sell to Open,11/28/2025,28,530.00  $,20.05  $,16.90  $,23.20  $,29%,11/25/2025,Y,543.01  $,4%,52%,-2.4%
TTWO,Sell to Open,11/28/2025,28,250.00  $,9.35  $,8.90  $,9.80  $,92%,11/06/2025,Y,256.37  $,4%,51.2%,-2%
IBIT,Sell to Open,11/28/2025,28,61.00  $,2.24  $,2.21  $,2.26  $,44%,,N,62.30  $,4%,50%,-2%
AVGO,Sell to Open,11/28/2025,28,360.00  $,13.18  $,12.55  $,13.80  $,30%,12/11/2025,N,369.63  $,4%,50%,-3%
NEM,Sell to Open,11/28/2025,28,79.00  $,2.88  $,2.76  $,2.99  $,55%,02/19/2026,N,80.97  $,4%,50%,-2%
HPE,Sell to Open,11/28/2025,28,24.00  $,0.86  $,0.81  $,0.91  $,30%,12/04/2025,N,24.42  $,4%,49%,-2%
EQT,Sell to Open,11/28/2025,28,53.00  $,1.88  $,1.84  $,1.92  $,21%,02/17/2026,N,53.58  $,4%,49%,-1%
GDX,Sell to Open,11/28/2025,28,71.00  $,2.52  $,2.28  $,2.77  $,45%,,N,72.06  $,3.5%,49%,-1%
BP,Sell to Open,11/28/2025,28,35.00  $,1.23  $,1.10  $,1.35  $,27%,,N,35.13  $,3%,49%,0%
ORCL,Sell to Open,11/28/2025,28,255.00  $,9.15  $,8.80  $,9.50  $,56%,12/08/2025,N,262.61  $,3%,49%,-2.9%
ZS,Sell to Open,11/28/2025,28,325.00  $,11.48  $,9.75  $,13.20  $,27%,12/02/2025,N,331.14  $,3%,49%,-2%
DAL,Sell to Open,11/28/2025,28,56.00  $,1.97  $,1.91  $,2.03  $,18%,01/09/2026,N,57.38  $,3%,48.2%,-2%
LUV,Sell to Open,11/28/2025,28,30.00  $,1.04  $,1.00  $,1.08  $,17%,01/29/2026,N,30.30  $,3%,48%,-1%
NUE,Sell to Open,11/28/2025,28,147.00  $,5.10  $,3.70  $,6.50  $,24%,01/26/2026,N,150.05  $,3.4%,48%,-2%
SNPS,Sell to Open,11/28/2025,28,445.00  $,15.45  $,14.70  $,16.20  $,46%,12/10/2025,N,453.82  $,3.4%,48%,-2%
TSM,Sell to Open,11/28/2025,28,295.00  $,10.05  $,9.70  $,10.40  $,23%,,N,300.43  $,3%,47%,-2%
BX,Sell to Open,11/28/2025,28,145.00  $,4.90  $,4.75  $,5.05  $,20%,01/29/2026,N,146.64  $,3%,47%,-1%
IBKR,Sell to Open,11/28/2025,28,69.00  $,2.35  $,2.25  $,2.45  $,25%,01/20/2026,N,70.36  $,3%,47%,-2%
GLW,Sell to Open,11/28/2025,28,87.00  $,2.96  $,2.88  $,3.05  $,47%,01/28/2026,N,89.08  $,3%,47%,-2%
ETN,Sell to Open,11/28/2025,28,375.00  $,12.55  $,11.00  $,14.10  $,35%,11/04/2025,Y,381.56  $,3%,46%,-2%
NXPI,Sell to Open,11/28/2025,28,205.00  $,6.85  $,6.50  $,7.20  $,17%,02/02/2026,N,209.12  $,3%,46%,-2%
CDNS,Sell to Open,11/28/2025,28,335.00  $,11.05  $,10.20  $,11.90  $,20%,02/17/2026,N,338.69  $,3%,45.8%,-1%
INTU,Sell to Open,11/28/2025,28,655.00  $,21.55  $,20.50  $,22.60  $,59%,11/20/2025,Y,667.55  $,3%,45%,-2%
DIS,Sell to Open,11/28/2025,28,110.00  $,3.62  $,3.45  $,3.80  $,51%,11/13/2025,Y,112.62  $,3%,45%,-2%
MT,Sell to Open,11/28/2025,28,37.00  $,1.23  $,1.05  $,1.40  $,38%,,N,38.09  $,3%,45%,-3%
DLTR,Sell to Open,11/28/2025,28,97.00  $,3.18  $,2.71  $,3.65  $,20%,12/03/2025,N,99.12  $,3%,45%,-2%
PDD,Sell to Open,11/28/2025,28,132.00  $,4.32  $,3.60  $,5.05  $,20%,,N,134.87  $,3%,45%,-2%
KRE,Sell to Open,11/28/2025,28,58.50  $,1.92  $,0.95  $,2.90  $,23%,,N,60.00  $,3%,45%,-2.5%
KLAC,Sell to Open,11/21/2025,21,"1,180.00  $",38.65  $,36.90  $,40.40  $,33%,01/29/2026,N,"1,208.74  $",3.2%,61%,-2%
NTAP,Sell to Open,11/28/2025,28,115.00  $,3.75  $,2.00  $,5.50  $,46%,11/25/2025,Y,117.78  $,3%,44.7%,-2%
ASML,Sell to Open,11/28/2025,28,"1,040.00  $",33.60  $,29.20  $,38.00  $,26%,,N,"1,059.23  $",3%,45%,-2%
PYPL,Sell to Open,11/28/2025,28,68.00  $,2.18  $,2.12  $,2.24  $,31%,02/03/2026,N,69.27  $,3%,44%,-2%
DE,Sell to Open,11/28/2025,28,455.00  $,14.55  $,14.30  $,14.80  $,53%,11/26/2025,Y,461.63  $,3%,44%,-1%
TXN,Sell to Open,11/28/2025,28,160.00  $,5.07  $,4.60  $,5.55  $,20%,01/20/2026,N,161.46  $,3%,44%,-0.9%
DVN,Sell to Open,11/28/2025,28,32.00  $,1.02  $,0.96  $,1.07  $,25%,11/05/2025,Y,32.49  $,3%,44%,-2%
CCL,Sell to Open,11/28/2025,28,28.00  $,0.89  $,0.86  $,0.92  $,15%,12/18/2025,N,28.83  $,3%,43%,-3%
QCOM,Sell to Open,11/28/2025,28,175.00  $,5.52  $,5.00  $,6.05  $,41%,11/05/2025,Y,180.90  $,3%,43%,-3%
NOW,Sell to Open,11/28/2025,28,905.00  $,27.95  $,25.70  $,30.20  $,26%,01/28/2026,N,919.28  $,3%,43%,-2%
PHM,Sell to Open,11/28/2025,28,118.00  $,3.62  $,2.95  $,4.30  $,14%,01/29/2026,N,119.87  $,3%,42%,-2%
PSX,Sell to Open,11/28/2025,28,133.00  $,4.10  $,3.00  $,5.20  $,26%,01/30/2026,N,136.14  $,3%,42%,-2%
AEM,Sell to Open,11/28/2025,28,155.00  $,4.80  $,4.50  $,5.10  $,43%,02/12/2026,N,160.81  $,3%,41.9%,-4%
META,Sell to Open,11/28/2025,28,635.00  $,18.85  $,18.05  $,19.65  $,26%,01/28/2026,N,648.35  $,3%,41%,-2%
LVS,Sell to Open,11/28/2025,28,58.00  $,1.70  $,1.64  $,1.77  $,19%,01/28/2026,N,59.35  $,3%,40%,-2%
LULU,Sell to Open,11/28/2025,28,165.00  $,4.88  $,4.70  $,5.05  $,31%,12/11/2025,N,170.54  $,3%,40%,-3%
RCL,Sell to Open,11/28/2025,28,280.00  $,8.10  $,7.80  $,8.40  $,17%,01/27/2026,N,286.83  $,3%,40%,-2%
C,Sell to Open,11/28/2025,28,100.00  $,2.86  $,2.79  $,2.92  $,23%,01/14/2026,N,101.23  $,3%,40%,-1%
SMH,Sell to Open,11/28/2025,28,357.50  $,10.15  $,8.30  $,12.00  $,24%,,N,363.02  $,2.8%,39%,-2%
BA,Sell to Open,11/28/2025,28,200.00  $,5.60  $,5.40  $,5.80  $,9%,01/28/2026,N,201.02  $,3%,39%,-1%
IYR,Sell to Open,11/28/2025,28,94.00  $,2.64  $,0.34  $,4.95  $,9%,,N,94.66  $,3%,39%,-0.7%
CSCO,Sell to Open,11/28/2025,28,72.00  $,2.03  $,1.97  $,2.09  $,65%,11/12/2025,Y,73.11  $,3%,39%,-2%
RACE,Sell to Open,11/21/2025,21,400.00  $,11.20  $,10.80  $,11.60  $,41%,11/04/2025,Y,403.95  $,3%,53%,-1%
HSBC,Sell to Open,11/28/2025,28,70.00  $,1.92  $,1.45  $,2.40  $,22%,,N,70.07  $,3%,39%,-0.1%
CW,Sell to Open,11/21/2025,21,580.00  $,16.30  $,15.00  $,17.60  $,54%,11/05/2025,Y,595.73  $,3%,53%,-3%
URI,Sell to Open,11/28/2025,28,860.00  $,23.75  $,22.60  $,24.90  $,15%,01/28/2026,N,871.18  $,3%,38%,-1%
CRH,Sell to Open,11/28/2025,28,117.00  $,3.22  $,2.55  $,3.90  $,3%,11/05/2025,Y,119.10  $,3%,38%,-2%
CAT,Sell to Open,11/28/2025,28,570.00  $,15.58  $,14.80  $,16.35  $,29%,01/29/2026,N,577.26  $,2.7%,38%,-1%
LLY,Sell to Open,11/28/2025,28,850.00  $,23.20  $,20.60  $,25.80  $,21%,,N,862.86  $,3%,38%,-1%
PGR,Sell to Open,11/28/2025,28,205.00  $,5.55  $,5.20  $,5.90  $,23%,01/28/2026,N,206.00  $,3%,38%,0%
TXRH,Sell to Open,11/28/2025,28,160.00  $,4.40  $,3.20  $,5.60  $,44%,11/06/2025,Y,163.58  $,3%,38%,-2%
COP,Sell to Open,11/28/2025,28,87.00  $,2.37  $,2.19  $,2.54  $,24%,11/06/2025,Y,88.86  $,3%,37%,-2%
ADBE,Sell to Open,11/28/2025,28,335.00  $,9.02  $,8.80  $,9.25  $,30%,12/10/2025,N,340.31  $,3%,37%,-2%
WMT,Sell to Open,11/28/2025,28,100.00  $,2.67  $,2.59  $,2.75  $,38%,11/20/2025,Y,101.18  $,3%,37%,-1%
CRM,Sell to Open,11/28/2025,28,255.00  $,6.88  $,6.55  $,7.20  $,30%,12/02/2025,N,260.41  $,3%,37%,-2%
XHB,Sell to Open,11/28/2025,28,104.00  $,2.77  $,2.14  $,3.40  $,7%,,N,105.03  $,3%,37%,-1%
STZ,Sell to Open,11/28/2025,28,129.00  $,3.45  $,3.30  $,3.60  $,39%,01/08/2026,N,131.38  $,3%,37%,-2%
LNG,Sell to Open,11/28/2025,28,210.00  $,5.55  $,4.90  $,6.20  $,25%,,N,212.00  $,3%,37%,-1%
UNH,Sell to Open,11/28/2025,28,335.00  $,8.95  $,8.75  $,9.15  $,20%,01/15/2026,N,341.56  $,3%,37%,-2%
GILD,Sell to Open,11/28/2025,28,118.00  $,3.12  $,2.94  $,3.30  $,60%,,N,119.79  $,2.6%,37%,-1%
TDG,Sell to Open,11/21/2025,21,"1,290.00  $",33.85  $,30.80  $,36.90  $,46%,11/06/2025,Y,"1,308.51  $",3%,49.7%,-1%
USO,Sell to Open,11/28/2025,28,71.50  $,1.88  $,1.84  $,1.92  $,16%,,N,72.56  $,3%,36%,-1%
LOW,Sell to Open,11/28/2025,28,235.00  $,6.18  $,5.90  $,6.45  $,31%,11/19/2025,Y,238.13  $,3%,36.4%,-1%
SU,Sell to Open,11/28/2025,28,39.00  $,1.03  $,0.45  $,1.60  $,21%,11/04/2025,Y,39.81  $,3%,36%,-2%
UPS,Sell to Open,11/28/2025,28,95.00  $,2.46  $,2.36  $,2.55  $,18%,02/05/2026,N,96.42  $,3%,36%,-1%
AMZN,Sell to Open,11/28/2025,28,240.00  $,6.18  $,5.90  $,6.45  $,56%,,N,244.22  $,3%,35.5%,-2%
TMF,Sell to Open,11/28/2025,28,41.00  $,1.04  $,1.01  $,1.08  $,1%,,N,41.41  $,3%,35%,-1%
XBI,Sell to Open,11/28/2025,28,111.00  $,2.82  $,2.50  $,3.15  $,13%,,N,112.71  $,3%,35%,-2%
AFL,Sell to Open,11/28/2025,28,106.00  $,2.68  $,2.25  $,3.10  $,38%,11/04/2025,Y,107.19  $,2.5%,35%,-1%
ACN,Sell to Open,11/28/2025,28,245.00  $,6.25  $,5.90  $,6.60  $,50%,12/18/2025,N,250.10  $,2.5%,35%,-2%
EME,Sell to Open,11/21/2025,21,660.00  $,16.90  $,15.70  $,18.10  $,34%,,N,675.78  $,2.5%,48%,-2%
DHI,Sell to Open,11/28/2025,28,145.00  $,3.70  $,3.60  $,3.80  $,20%,01/20/2026,N,149.08  $,2%,35%,-3%
PWR,Sell to Open,11/21/2025,21,440.00  $,11.15  $,9.70  $,12.60  $,27%,,N,449.13  $,2%,48%,-2%
GE,Sell to Open,11/28/2025,28,305.00  $,7.62  $,7.15  $,8.10  $,16%,01/20/2026,N,308.95  $,2%,35%,-1%
VLO,Sell to Open,11/28/2025,28,165.00  $,4.18  $,4.00  $,4.35  $,15%,01/29/2026,N,169.56  $,2%,35%,-3%
NFLX,Sell to Open,11/28/2025,28,"1,100.00  $",27.45  $,25.95  $,28.95  $,41%,01/20/2026,N,"1,118.86  $",2%,34%,-2%
GOOGL,Sell to Open,11/28/2025,28,275.00  $,6.90  $,6.75  $,7.05  $,37%,02/03/2026,N,281.19  $,2%,34%,-2.2%
SBUX,Sell to Open,11/28/2025,28,79.00  $,1.98  $,1.88  $,2.08  $,24%,01/27/2026,N,80.87  $,2%,34%,-2%
COF,Sell to Open,11/28/2025,28,215.00  $,5.35  $,5.10  $,5.60  $,16%,01/20/2026,N,219.99  $,2%,34%,-2%
ARGX,Sell to Open,11/21/2025,21,800.00  $,19.85  $,18.30  $,21.40  $,59%,,N,818.50  $,2%,47%,-2%
SLV,Sell to Open,11/28/2025,28,43.00  $,1.06  $,1.04  $,1.09  $,44%,,N,44.01  $,2%,34%,-2%
ROST,Sell to Open,11/28/2025,28,155.00  $,3.85  $,3.50  $,4.20  $,56%,11/20/2025,Y,158.92  $,2%,34%,-2%
GS,Sell to Open,11/28/2025,28,780.00  $,19.05  $,18.35  $,19.75  $,20%,01/15/2026,N,789.37  $,2%,34%,-1%
EOG,Sell to Open,11/28/2025,28,104.00  $,2.55  $,2.25  $,2.85  $,27%,11/06/2025,Y,105.84  $,2%,34%,-2%
NKE,Sell to Open,11/28/2025,28,63.00  $,1.55  $,1.48  $,1.62  $,27%,12/18/2025,N,64.59  $,2.4%,34%,-2%
WFC,Sell to Open,11/28/2025,28,86.00  $,2.08  $,2.02  $,2.14  $,17%,01/14/2026,N,86.97  $,2%,34%,-1%
AIG,Sell to Open,11/28/2025,28,78.00  $,1.88  $,1.05  $,2.70  $,36%,11/04/2025,Y,78.96  $,2%,33%,-1%
HD,Sell to Open,11/28/2025,28,375.00  $,8.95  $,8.50  $,9.40  $,33%,11/18/2025,Y,379.59  $,2%,33.1%,-1%
XOP,Sell to Open,11/28/2025,28,125.00  $,2.98  $,1.91  $,4.05  $,16%,,N,126.82  $,2%,33%,-1%
GOOG,Sell to Open,11/28/2025,28,275.00  $,6.55  $,6.40  $,6.70  $,35%,02/03/2026,N,281.82  $,2%,33%,-2%
CPB,Sell to Open,11/28/2025,28,30.00  $,0.70  $,0.35  $,1.05  $,28%,12/02/2025,N,30.13  $,2%,33%,0%
DB,Sell to Open,11/21/2025,21,35.00  $,0.82  $,0.80  $,0.85  $,23%,01/29/2026,N,35.77  $,2%,44%,-2%
BMY,Sell to Open,11/28/2025,28,45.00  $,1.06  $,1.01  $,1.11  $,38%,,N,46.07  $,2.3%,32.3%,-2%
BKNG,Sell to Open,11/28/2025,28,"5,000.00  $",116.45  $,100.90  $,132.00  $,26%,02/19/2026,N,"5,077.74  $",2%,32.2%,-2%
KWEB,Sell to Open,11/28/2025,28,39.00  $,0.91  $,0.70  $,1.13  $,10%,,N,39.95  $,2%,32%,-2%
BAC,Sell to Open,11/28/2025,28,53.00  $,1.22  $,1.18  $,1.26  $,21%,01/14/2026,N,53.45  $,2%,32%,-1%
OXY,Sell to Open,11/28/2025,28,40.00  $,0.93  $,0.90  $,0.96  $,22%,11/10/2025,Y,41.20  $,2%,32%,-3%
CVS,Sell to Open,11/28/2025,28,77.00  $,1.74  $,1.68  $,1.81  $,14%,02/11/2026,N,78.15  $,2%,31%,-1%
GM,Sell to Open,11/28/2025,28,68.00  $,1.51  $,1.46  $,1.56  $,10%,01/27/2026,N,69.09  $,2%,31%,-2%
IBM,Sell to Open,11/28/2025,28,300.00  $,6.70  $,6.55  $,6.85  $,32%,01/28/2026,N,307.41  $,2%,30.6%,-2%
MRK,Sell to Open,11/28/2025,28,85.00  $,1.88  $,1.80  $,1.95  $,20%,,N,85.98  $,2%,31%,-1%
TJX,Sell to Open,11/28/2025,28,138.00  $,3.06  $,2.87  $,3.25  $,44%,11/19/2025,Y,140.14  $,2%,31%,-2%
NEE,Sell to Open,11/28/2025,28,80.00  $,1.76  $,1.71  $,1.82  $,21%,01/23/2026,N,81.40  $,2%,30%,-2%
ISRG,Sell to Open,11/28/2025,28,525.00  $,11.55  $,9.70  $,13.40  $,21%,01/22/2026,N,534.28  $,2%,30%,-2%
XOM,Sell to Open,11/28/2025,28,113.00  $,2.44  $,2.36  $,2.52  $,18%,10/31/2025,Y,114.36  $,2%,30%,-1%
UNP,Sell to Open,11/28/2025,28,220.00  $,4.70  $,4.50  $,4.90  $,18%,01/22/2026,N,220.37  $,2%,30%,0%
SLB,Sell to Open,11/28/2025,28,35.00  $,0.76  $,0.73  $,0.80  $,12%,01/16/2026,N,36.06  $,2%,30%,-3%
FDX,Sell to Open,11/28/2025,28,250.00  $,5.32  $,5.10  $,5.55  $,18%,12/18/2025,N,253.82  $,2.1%,29%,-2%
ULTA,Sell to Open,11/28/2025,28,510.00  $,10.85  $,9.50  $,12.20  $,14%,12/04/2025,N,519.88  $,2%,29.3%,-1.9%
XLK,Sell to Open,11/28/2025,28,297.50  $,6.20  $,4.30  $,8.10  $,17%,,N,300.68  $,2%,29%,-1%
PNC,Sell to Open,11/28/2025,28,180.00  $,3.75  $,3.10  $,4.40  $,22%,01/16/2026,N,182.55  $,2%,29%,-1.4%
SCHW,Sell to Open,11/28/2025,28,93.00  $,1.94  $,1.86  $,2.02  $,16%,01/21/2026,N,94.52  $,2%,29%,-2%
TMO,Sell to Open,11/28/2025,28,560.00  $,11.30  $,9.80  $,12.80  $,18%,01/29/2026,N,567.39  $,2%,28%,-1.3%
XLV,Sell to Open,11/28/2025,28,142.00  $,2.82  $,0.70  $,4.95  $,20%,,N,144.25  $,2%,27%,-2%
XLI,Sell to Open,11/28/2025,28,152.00  $,3.03  $,1.11  $,4.95  $,9%,,N,155.06  $,2%,27%,-2%
SHEL,Sell to Open,11/28/2025,28,74.00  $,1.45  $,1.20  $,1.70  $,17%,,N,74.92  $,2%,27%,-1%
BLK,Sell to Open,11/28/2025,28,"1,070.00  $",20.95  $,20.30  $,21.60  $,16%,01/14/2026,N,"1,082.81  $",2%,27%,-1%
XLP,Sell to Open,11/28/2025,28,75.50  $,1.46  $,0.68  $,2.25  $,7%,,N,76.28  $,2%,27%,-1%
CVX,Sell to Open,11/28/2025,28,155.00  $,3.00  $,2.90  $,3.10  $,25%,10/31/2025,Y,157.72  $,1.9%,26.7%,-2%
LHX,Sell to Open,11/28/2025,28,285.00  $,5.45  $,4.80  $,6.10  $,17%,,N,289.10  $,2%,26%,-1%
HCA,Sell to Open,11/21/2025,21,455.00  $,8.65  $,7.00  $,10.30  $,21%,01/23/2026,N,459.68  $,2%,36%,-1%
SHLD,Sell to Open,11/21/2025,21,68.00  $,1.27  $,1.20  $,1.35  $,0%,,N,68.31  $,2%,36%,0%
GSK,Sell to Open,11/28/2025,28,46.00  $,0.88  $,0.80  $,0.95  $,17%,,N,46.86  $,2%,26%,-2%
TMUS,Sell to Open,11/28/2025,28,205.00  $,3.92  $,3.75  $,4.10  $,33%,01/28/2026,N,210.05  $,2%,26%,-2.4%
AZO,Sell to Open,11/21/2025,21,"3,600.00  $",68.45  $,65.00  $,71.90  $,52%,12/09/2025,N,"3,674.43  $",2%,36%,-2%
AXP,Sell to Open,11/28/2025,28,355.00  $,6.65  $,6.40  $,6.90  $,10%,01/23/2026,N,360.73  $,2%,26%,-2%
MCD,Sell to Open,11/28/2025,28,295.00  $,5.48  $,5.25  $,5.70  $,32%,11/05/2025,Y,298.43  $,2%,26%,-1%
TBT,Sell to Open,11/21/2025,21,33.00  $,0.60  $,0.55  $,0.65  $,7%,,N,33.02  $,2%,35%,0%
EQIX,Sell to Open,11/21/2025,21,830.00  $,15.00  $,12.20  $,17.80  $,8%,02/11/2026,N,846.01  $,2%,34%,-2%
DEO,Sell to Open,11/21/2025,21,90.00  $,1.62  $,1.40  $,1.85  $,44%,,N,92.09  $,2%,33.9%,-2%
IWM,Sell to Open,11/28/2025,28,243.00  $,4.26  $,4.23  $,4.29  $,14%,,N,246.23  $,2%,24%,-1%
MSFT,Sell to Open,11/28/2025,28,510.00  $,8.95  $,8.80  $,9.10  $,22%,01/28/2026,N,517.81  $,2%,24%,-2%
MDT,Sell to Open,11/28/2025,28,89.00  $,1.56  $,1.50  $,1.63  $,34%,11/18/2025,Y,90.70  $,2%,24%,-2%
MA,Sell to Open,11/28/2025,28,545.00  $,9.48  $,8.95  $,10.00  $,23%,,N,551.99  $,2%,24.1%,-1%
ABBV,Sell to Open,11/28/2025,28,215.00  $,3.72  $,3.60  $,3.85  $,31%,10/31/2025,Y,218.04  $,2%,24%,-1%
MS,Sell to Open,11/28/2025,28,160.00  $,2.80  $,2.72  $,2.89  $,13%,01/15/2026,N,164.00  $,2%,24%,-2%
V,Sell to Open,11/28/2025,28,335.00  $,5.75  $,5.50  $,6.00  $,25%,01/27/2026,N,340.74  $,2%,24%,-2%
XLY,Sell to Open,11/28/2025,28,237.50  $,4.03  $,1.56  $,6.50  $,22%,,N,239.93  $,2%,24%,-1%
BUD,Sell to Open,11/28/2025,28,60.00  $,1.02  $,0.95  $,1.10  $,24%,,N,60.90  $,2%,24%,-1%
VGT,Sell to Open,11/21/2025,21,785.00  $,13.25  $,12.00  $,14.50  $,20%,,N,793.21  $,2%,32%,-1%
FXI,Sell to Open,11/28/2025,28,39.00  $,0.66  $,0.59  $,0.74  $,9%,,N,39.71  $,2%,24%,-2%
GLD,Sell to Open,11/28/2025,28,364.00  $,6.15  $,6.05  $,6.25  $,56%,,N,368.12  $,2%,23%,-1%
PG,Sell to Open,11/28/2025,28,150.00  $,2.46  $,2.39  $,2.53  $,23%,01/22/2026,N,150.37  $,2%,23%,0%
TT,Sell to Open,11/21/2025,21,440.00  $,7.30  $,6.90  $,7.70  $,24%,,N,448.65  $,2%,31%,-2%
XLB,Sell to Open,11/28/2025,28,85.50  $,1.39  $,0.64  $,2.14  $,51%,,N,85.67  $,2%,23%,-0.2%
NOC,Sell to Open,11/21/2025,21,575.00  $,9.35  $,8.40  $,10.30  $,28%,01/29/2026,N,583.45  $,1.6%,31%,-1%
JPM,Sell to Open,11/28/2025,28,305.00  $,4.95  $,4.75  $,5.15  $,17%,01/13/2026,N,311.12  $,2%,22%,-2%
LMT,Sell to Open,11/28/2025,28,485.00  $,7.80  $,7.40  $,8.20  $,21%,01/27/2026,N,491.88  $,2%,22%,-1.4%
QQQ,Sell to Open,11/28/2025,28,622.00  $,10.01  $,9.95  $,10.07  $,20%,,N,629.07  $,2%,22%,-1%
PEP,Sell to Open,11/28/2025,28,144.00  $,2.32  $,2.23  $,2.40  $,26%,02/03/2026,N,146.09  $,2%,22%,-1%
LIN,Sell to Open,11/21/2025,21,415.00  $,6.60  $,5.70  $,7.50  $,29%,10/31/2025,Y,418.30  $,2%,30%,-1%
BSX,Sell to Open,11/28/2025,28,99.00  $,1.58  $,1.45  $,1.70  $,14%,02/04/2026,N,100.72  $,2%,22%,-2%
AAPL,Sell to Open,11/28/2025,28,265.00  $,4.20  $,4.05  $,4.35  $,23%,,N,270.37  $,2%,22%,-2%
TMV,Sell to Open,11/21/2025,21,33.00  $,0.52  $,0.50  $,0.55  $,7%,,N,33.95  $,2%,30%,-2.8%
RTX,Sell to Open,11/28/2025,28,175.00  $,2.77  $,2.57  $,2.97  $,13%,01/27/2026,N,178.50  $,2%,22%,-2%
DHR,Sell to Open,11/28/2025,28,210.00  $,3.30  $,3.10  $,3.50  $,12%,01/28/2026,N,215.38  $,2%,22%,-2.5%
XLU,Sell to Open,11/28/2025,28,88.50  $,1.35  $,0.28  $,2.41  $,20%,,N,89.10  $,2%,21%,-1%
ABT,Sell to Open,11/28/2025,28,122.00  $,1.86  $,1.79  $,1.94  $,14%,01/21/2026,N,123.62  $,2%,21%,-1%
KMB,Sell to Open,11/28/2025,28,118.00  $,1.80  $,1.45  $,2.15  $,30%,,N,119.71  $,1.5%,21%,-1%
COST,Sell to Open,11/28/2025,28,900.00  $,13.48  $,11.85  $,15.10  $,14%,12/11/2025,N,911.45  $,1%,21%,-1%
AZN,Sell to Open,11/21/2025,21,80.00  $,1.19  $,1.14  $,1.25  $,30%,,N,82.40  $,1%,28%,-3%
XLE,Sell to Open,11/28/2025,28,87.00  $,1.27  $,0.56  $,1.98  $,13%,,N,88.13  $,1%,20%,-1%
XLF,Sell to Open,11/28/2025,28,52.00  $,0.74  $,0.64  $,0.83  $,17%,,N,52.37  $,1.4%,19.7%,-1%
ASHR,Sell to Open,11/28/2025,28,32.50  $,0.46  $,0.41  $,0.51  $,15%,,N,33.03  $,1%,20%,-1.6%
CME,Sell to Open,11/28/2025,28,260.00  $,3.62  $,2.65  $,4.60  $,28%,02/11/2026,N,265.49  $,1%,19%,-2%
IBB,Sell to Open,11/21/2025,21,155.00  $,2.17  $,1.60  $,2.75  $,27%,,N,159.38  $,1%,26%,-3%
VUG,Sell to Open,11/21/2025,21,495.00  $,6.65  $,5.80  $,7.50  $,15%,,N,498.85  $,1%,26%,-1%
GD,Sell to Open,11/28/2025,28,340.00  $,4.55  $,4.10  $,5.00  $,18%,01/28/2026,N,344.90  $,1%,19%,-1%
IWF,Sell to Open,11/21/2025,21,480.00  $,6.30  $,5.00  $,7.60  $,15%,,N,485.58  $,1.3%,25%,-1%
ADP,Sell to Open,11/28/2025,28,255.00  $,3.30  $,2.40  $,4.20  $,25%,01/28/2026,N,260.30  $,1%,17.8%,-2%
EWJ,Sell to Open,11/28/2025,28,82.50  $,1.05  $,0.70  $,1.40  $,12%,,N,83.45  $,1%,18%,-1%
QQQM,Sell to Open,11/21/2025,21,255.00  $,3.15  $,3.00  $,3.30  $,19%,,N,258.96  $,1%,23%,-2%
BRK/B,Sell to Open,11/28/2025,28,475.00  $,5.78  $,4.95  $,6.60  $,0%,11/01/2025,Y,477.54  $,1%,17%,-1%
EEM,Sell to Open,11/28/2025,28,54.50  $,0.66  $,0.59  $,0.74  $,18%,,N,55.30  $,1.2%,17%,-1%
MKL,Sell to Open,11/21/2025,21,"1,960.00  $",23.50  $,19.00  $,28.00  $,16%,02/04/2026,N,"1,974.53  $",1%,23%,-1%
JNJ,Sell to Open,11/28/2025,28,185.00  $,2.23  $,2.11  $,2.35  $,25%,01/21/2026,N,188.87  $,1%,17%,-2%
BHP,Sell to Open,11/21/2025,21,55.00  $,0.68  $,0.60  $,0.75  $,20%,,N,57.05  $,1%,23%,-4%
SPY,Sell to Open,11/28/2025,28,676.00  $,7.96  $,7.92  $,7.99  $,14%,,N,682.06  $,1%,16%,-1%
VOO,Sell to Open,11/28/2025,28,622.50  $,7.30  $,6.40  $,8.20  $,14%,,N,627.04  $,1%,16%,-1%
MDY,Sell to Open,11/21/2025,21,585.00  $,6.90  $,5.50  $,8.30  $,15%,,N,592.98  $,1%,22%,-1%
DIA,Sell to Open,11/28/2025,28,472.00  $,5.42  $,5.30  $,5.55  $,18%,,N,475.67  $,1%,16%,-1%
IVV,Sell to Open,11/28/2025,28,679.00  $,7.75  $,6.90  $,8.60  $,14%,,N,685.23  $,1%,16%,-1%
KO,Sell to Open,11/28/2025,28,68.00  $,0.74  $,0.72  $,0.77  $,18%,02/10/2026,N,68.90  $,1%,15%,-1%
EFA,Sell to Open,11/28/2025,28,94.00  $,0.99  $,0.38  $,1.59  $,14%,,N,94.49  $,1%,15%,-1%
TLT,Sell to Open,11/28/2025,28,89.50  $,0.68  $,0.68  $,0.69  $,4%,,N,90.29  $,1%,11%,-1%
LQD,Sell to Open,11/28/2025,28,110.50  $,0.56  $,0.36  $,0.76  $,16%,,N,111.23  $,0.5%,7%,-1%
IEF,Sell to Open,11/28/2025,28,96.50  $,0.42  $,0.40  $,0.43  $,26%,,N,96.85  $,0%,6%,0%
SPTL,Sell to Open,11/21/2025,21,26.00  $,0.05  $,0.00  $,0.10  $,1%,,N,27.20  $,0%,4%,-4%
VTIP,Sell to Open,11/21/2025,21,49.00  $,0.05  $,0.00  $,0.10  $,10%,,N,50.04  $,0.1%,2%,-2%
HYD,Sell to Open,11/21/2025,21,50.00  $,0.05  $,0.00  $,0.10  $,25%,,N,51.14  $,0.1%,2%,-2%
